﻿Designator,Footprint,Quantity,Value,LCSC Part #
AE1,Johanson_2450AT18x100,1,Antenna,C161362
"C1, C10, C17, C2, C20, C21, C3, C5, C7, C8, C9",0603,11,100nF,
"C11, C12, C13, C14",0603,4,10pF,
"C15, C23, C24",0603,3,1uF,
"C16, C18, C27, C29",0603,4,10uF,
C19,0603,1,200nF,
"C22, C25, C31",0603,3,2.2uF,
"C26, C28",0603,2,47pF,
C30,0603,1,4.7uF,
C32,0603,1,1pF,
"C4, C6",0603,2,22uF,
CX2016FB-1,Crystal_SMD_2016-4Pin_2.0x1.6mm,1,48MHz,
J1,MOLEX_USBC_1054500101,1,USBC,C5447355
J2,PinHeader_1x02_P2.54mm_Vertical,1,Conn_01x02_Pin,
J3,PinHeader_1x05_P2.54mm_Vertical,1,Conn_01x05,
"L1, L2",1008,2,2.2uH,
L3,0603,1,3.9nH,
L4,0603,1,2.7nH,
MCU1,CC2647R106T0RGZR,1,CC2674R106T0RGZR,
NX2012SA-1,Crystal_SMD_2012-2Pin_2.0x1.2mm,1,32.768 kHz,
"P1, P2",,2,,
R1,0603,1,100k,
R10,0603,1,50,
"R11, R13, R7",0603,3,10k,
R12,0603,1,300k,
R2,0603,1,680k,
"R3, R5",0603,2,150k,
R4,0603,1,350k,
R6,0603,1,240k,
R8,0603,1,27.4k,
R9,0603,1,1k,
SENSOR1,SFH 7050A_OSM,1,SFH7050,
U1,MAX86140ENP+T,1,MAX86140ENP+T,
U2,ADXL366BCCZ-RL7,1,ADXL366BCCZ-RL7,
U3,BQ25176,1,BQ25176JDSGR,C22407142
U4,TPS650531,1,TPS650531RGER,C527526
U5,BQ27427,1,BQ27427YZFR,
